{
  "1": {
    "l2": {
      "mean": 1.679703929814799,
      "ci95_lo": 1.6410987938058443,
      "ci95_hi": 1.7220069751100635,
      "n": 696
    },
    "cos": {
      "mean": 0.9978250435542786,
      "ci95_lo": 0.9977234574548643,
      "ci95_hi": 0.9979278097764172,
      "n": 696
    },
    "cf_delta": {
      "mean": 0.04551421845165863,
      "ci95_lo": 0.04333672812173408,
      "ci95_hi": 0.04779144608196213,
      "n": 696
    }
  },
  "2": {
    "l2": {
      "mean": 1.9530767025961273,
      "ci95_lo": 1.900215612390432,
      "ci95_hi": 2.0089564157093225,
      "n": 696
    },
    "cos": {
      "mean": 0.9972956921348627,
      "ci95_lo": 0.997165575790508,
      "ci95_hi": 0.9974203965851459,
      "n": 696
    },
    "cf_delta": {
      "mean": 0.04509288621945949,
      "ci95_lo": 0.04313679945580902,
      "ci95_hi": 0.047186602434346143,
      "n": 696
    }
  },
  "4": {
    "l2": {
      "mean": 2.532056758544226,
      "ci95_lo": 2.448848669207387,
      "ci95_hi": 2.6178398838930432,
      "n": 696
    },
    "cos": {
      "mean": 0.9961415775891008,
      "ci95_lo": 0.9959519568102798,
      "ci95_hi": 0.9963142230892661,
      "n": 696
    },
    "cf_delta": {
      "mean": 0.0435713917403696,
      "ci95_lo": 0.041710945293768946,
      "ci95_hi": 0.045667097087442377,
      "n": 696
    }
  },
  "8": {
    "l2": {
      "mean": 4.027900789660969,
      "ci95_lo": 3.8703244323574606,
      "ci95_hi": 4.198818708480946,
      "n": 696
    },
    "cos": {
      "mean": 0.9930671736940571,
      "ci95_lo": 0.992736608710611,
      "ci95_hi": 0.9934108474623711,
      "n": 696
    },
    "cf_delta": {
      "mean": 0.041808060811961006,
      "ci95_lo": 0.04001302751648941,
      "ci95_hi": 0.043587156901960314,
      "n": 696
    }
  }
}