{
  "1": {
    "l2": {
      "mean": 1.5442909543541656,
      "ci95_lo": 1.5079332089180062,
      "ci95_hi": 1.5783339573948205,
      "n": 696
    },
    "cos": {
      "mean": 0.9979412045286989,
      "ci95_lo": 0.9978246194578108,
      "ci95_hi": 0.9980568519033406,
      "n": 696
    },
    "cf_delta": {
      "mean": 0.0,
      "ci95_lo": 0.0,
      "ci95_hi": 0.0,
      "n": 696
    }
  },
  "2": {
    "l2": {
      "mean": 1.7764610363834206,
      "ci95_lo": 1.7312200718762716,
      "ci95_hi": 1.8180759499127837,
      "n": 696
    },
    "cos": {
      "mean": 0.9974420954441202,
      "ci95_lo": 0.9973055559606558,
      "ci95_hi": 0.9975784346632574,
      "n": 696
    },
    "cf_delta": {
      "mean": 0.0,
      "ci95_lo": 0.0,
      "ci95_hi": 0.0,
      "n": 696
    }
  },
  "4": {
    "l2": {
      "mean": 2.2543684471098855,
      "ci95_lo": 2.1860159412090634,
      "ci95_hi": 2.321773526395789,
      "n": 696
    },
    "cos": {
      "mean": 0.996379260530417,
      "ci95_lo": 0.9961676491809817,
      "ci95_hi": 0.9965871374754385,
      "n": 696
    },
    "cf_delta": {
      "mean": 0.0,
      "ci95_lo": 0.0,
      "ci95_hi": 0.0,
      "n": 696
    }
  },
  "8": {
    "l2": {
      "mean": 3.339908793226056,
      "ci95_lo": 3.2180730844152046,
      "ci95_hi": 3.480266177902619,
      "n": 696
    },
    "cos": {
      "mean": 0.9939493164420128,
      "ci95_lo": 0.993560256973851,
      "ci95_hi": 0.994319733743952,
      "n": 696
    },
    "cf_delta": {
      "mean": 0.0,
      "ci95_lo": 0.0,
      "ci95_hi": 0.0,
      "n": 696
    }
  }
}