{
  "1": {
    "l2": {
      "mean": 13.867463322206476,
      "ci95_lo": 13.458457842160916,
      "ci95_hi": 14.314801388276718,
      "n": 696
    },
    "cos": {
      "mean": 0.8838357323373871,
      "ci95_lo": 0.8813445849408363,
      "ci95_hi": 0.8862472910583875,
      "n": 696
    },
    "cf_delta": {
      "mean": 0.02832343892847327,
      "ci95_lo": 0.027437545927596046,
      "ci95_hi": 0.02919611677295935,
      "n": 696
    }
  },
  "2": {
    "l2": {
      "mean": 15.138045585703576,
      "ci95_lo": 14.640210203552384,
      "ci95_hi": 15.618877221164347,
      "n": 696
    },
    "cos": {
      "mean": 0.8743334050322401,
      "ci95_lo": 0.8718166282143572,
      "ci95_hi": 0.8767044156490044,
      "n": 696
    },
    "cf_delta": {
      "mean": 0.027234470489135163,
      "ci95_lo": 0.026414838413896587,
      "ci95_hi": 0.0280950426688383,
      "n": 696
    }
  },
  "4": {
    "l2": {
      "mean": 18.031039222903637,
      "ci95_lo": 17.351469777336064,
      "ci95_hi": 18.7600786356234,
      "n": 696
    },
    "cos": {
      "mean": 0.8552277679073399,
      "ci95_lo": 0.852528415395525,
      "ci95_hi": 0.8578830286346633,
      "n": 696
    },
    "cf_delta": {
      "mean": 0.026514730216860342,
      "ci95_lo": 0.025805029173310706,
      "ci95_hi": 0.027299959069631737,
      "n": 696
    }
  },
  "8": {
    "l2": {
      "mean": 24.10575556755066,
      "ci95_lo": 22.937229176927573,
      "ci95_hi": 25.369735954753285,
      "n": 696
    },
    "cos": {
      "mean": 0.8159961327910423,
      "ci95_lo": 0.812651752920329,
      "ci95_hi": 0.8191599598454161,
      "n": 696
    },
    "cf_delta": {
      "mean": 0.025575187885545022,
      "ci95_lo": 0.024842381471869717,
      "ci95_hi": 0.02627204292819798,
      "n": 696
    }
  }
}