{
  "config": {
    "n_samples": 8,
    "sample_steps": 24,
    "decoder_epochs": 80,
    "seed": 1337
  },
  "decoder_val_l1": 0.16632850716511408,
  "temporal_smoothness": {
    "real": 0.014679611660540104,
    "flow_only": 0.09646882116794586,
    "flow_coupled": 0.17960788309574127
  },
  "distribution": {
    "real": {
      "mean": 1.0294312238693237,
      "std": 0.25391629338264465,
      "p10": 0.7311737537384033,
      "p50": 1.000000238418579,
      "p90": 1.364732027053833
    },
    "flow_only": {
      "mean": 1.0146000385284424,
      "std": 0.19274334609508514,
      "p10": 0.7766372561454773,
      "p50": 1.0000017881393433,
      "p90": 1.2648828029632568
    },
    "flow_coupled": {
      "mean": 1.0659960508346558,
      "std": 0.26116397976875305,
      "p10": 0.8358584642410278,
      "p50": 1.0,
      "p90": 1.3678085803985596
    }
  },
  "wasserstein_vs_real": {
    "flow_only": 0.04728678004903486,
    "flow_coupled": 0.07606902400584659
  }
}