{
  "1": {
    "l2": {
      "mean": 1.7323779660737377,
      "ci95_lo": 1.6877608134957225,
      "ci95_hi": 1.7795401629981125,
      "n": 696
    },
    "cos": {
      "mean": 0.9977471559554681,
      "ci95_lo": 0.997642505081135,
      "ci95_hi": 0.9978499441760881,
      "n": 696
    },
    "cf_delta": {
      "mean": 0.04308175580206745,
      "ci95_lo": 0.041143277020999174,
      "ci95_hi": 0.045047862332343695,
      "n": 696
    }
  },
  "2": {
    "l2": {
      "mean": 2.0303428316082077,
      "ci95_lo": 1.9700049249198417,
      "ci95_hi": 2.0991076780483127,
      "n": 696
    },
    "cos": {
      "mean": 0.9971763653487995,
      "ci95_lo": 0.9970486810730621,
      "ci95_hi": 0.997296518095951,
      "n": 696
    },
    "cf_delta": {
      "mean": 0.04179210906136439,
      "ci95_lo": 0.04003419322406622,
      "ci95_hi": 0.04380422680161695,
      "n": 696
    }
  },
  "4": {
    "l2": {
      "mean": 2.568197914923745,
      "ci95_lo": 2.4826986232365686,
      "ci95_hi": 2.6575051632121034,
      "n": 696
    },
    "cos": {
      "mean": 0.9960591119938883,
      "ci95_lo": 0.9958669124877658,
      "ci95_hi": 0.9962288534332966,
      "n": 696
    },
    "cf_delta": {
      "mean": 0.04044411495600923,
      "ci95_lo": 0.03892156733193264,
      "ci95_hi": 0.04210797276838961,
      "n": 696
    }
  },
  "8": {
    "l2": {
      "mean": 3.8298966004245583,
      "ci95_lo": 3.6882024394241215,
      "ci95_hi": 3.9840172775646394,
      "n": 696
    },
    "cos": {
      "mean": 0.9933505100251614,
      "ci95_lo": 0.9929852878803324,
      "ci95_hi": 0.9936845497560055,
      "n": 696
    },
    "cf_delta": {
      "mean": 0.03972099328964906,
      "ci95_lo": 0.03823817854960604,
      "ci95_hi": 0.041255052147825225,
      "n": 696
    }
  }
}