{
  "variant": "flow_coupled",
  "best_val_fm": 0.9550590937336286,
  "final": {
    "epoch": 39,
    "train_fm": 0.8676660389042972,
    "train_sc": 0.01508130778799231,
    "train_ph": 1.6824990631974881e-06,
    "train_total": 0.8714364231302497,
    "val_fm": 0.9687002549568812,
    "val_sc": 0.029750693667059142,
    "val_ph": 2.2030766407018138e-05,
    "elapsed": 1404.7878921031952
  },
  "epochs": 40,
  "elapsed": 1404.7894794940948
}