{
  "variant": "flow_coupled",
  "best_val_fm": 0.9362283125519753,
  "final": {
    "epoch": 39,
    "train_fm": 0.8546120778898175,
    "train_sc": 0.014284360295768534,
    "train_ph": 6.547527270025088e-07,
    "train_total": 0.8688964991087325,
    "val_fm": 0.9463602205117544,
    "val_sc": 0.027693434928854305,
    "val_ph": 1.066105456478302e-05,
    "elapsed": 924.1946830749512
  },
  "epochs": 40,
  "elapsed": 924.1958572864532
}