{
  "variant": "flow_coupled",
  "best_val_fm": 0.962274764974912,
  "final": {
    "epoch": 39,
    "train_fm": 0.8735108790772684,
    "train_sc": 0.016014940157700122,
    "train_ph": 1.931964714948959e-06,
    "train_total": 0.8815184483367405,
    "val_fm": 0.9770556539297104,
    "val_sc": 0.023788062933211524,
    "val_ph": 1.3958780527900672e-05,
    "elapsed": 1322.9419798851013
  },
  "epochs": 40,
  "elapsed": 1322.942709684372
}