{
  "variant": "flow_coupled",
  "best_val_fm": 0.9674087489644686,
  "final": {
    "epoch": 39,
    "train_fm": 0.8797886224275224,
    "train_sc": 0.015601556340044134,
    "train_ph": 1.3238195223176886e-06,
    "train_total": 0.8953903096445491,
    "val_fm": 0.9822900295257568,
    "val_sc": 0.024302374105900526,
    "val_ph": 1.1613798032309811e-05,
    "elapsed": 959.8235020637512
  },
  "epochs": 40,
  "elapsed": 959.8245573043823
}