{
  "variant": "flow_coupled",
  "best_val_fm": 0.9651866803566614,
  "final": {
    "epoch": 39,
    "train_fm": 0.8754142234834392,
    "train_sc": 0.015453453594295497,
    "train_ph": 1.1668840291226997e-06,
    "train_total": 0.8908677985159199,
    "val_fm": 0.9811201418439547,
    "val_sc": 0.02964420469167332,
    "val_ph": 8.897325244561216e-06,
    "elapsed": 995.0579860210419
  },
  "epochs": 40,
  "elapsed": 995.0590381622314
}